URL,Price,Transmission,Year,Motor Strength (KW),Mileage,Engine Capacity,Manufacturer,Model,Fuel Type
https://olx.ba/artikal/61899115,1.950 KM,Manuelni,2001,44,200.000km,1.2,Fiat,Punto,Benzin
https://olx.ba/artikal/62283007,1.450 KM,Automatik,2001,116,312.000km,2.2,Peugeot,607,Benzin
https://olx.ba/artikal/60503295,1.850 KM,Manuelni,1997,45,200.000km,1.2,Opel,Corsa,Benzin
https://olx.ba/artikal/62100159,1.650 KM,Manuelni,1998,47,290.000km,1.9,Volkswagen,Golf,Dizel
https://olx.ba/artikal/51469509,1.250 KM,Manuelni,2001,110,202.000km,2.0,Alfa Romeo,Alfa 156,Benzin
https://olx.ba/artikal/62261803,1.800 KM,Manuelni,2003,84,207.000km,1.6,Renault,Megane,Benzin
https://olx.ba/artikal/61744798,1.200 KM,Manuelni,2002,55,311.229km,1.4,Peugeot,206,Benzin
https://olx.ba/artikal/61976514,1.490 KM,Manuelni,2002,48,200.000km,1.5,Renault,Clio,Dizel
https://olx.ba/artikal/57405479,2990 KM,Manuelni,1998,40,211.391km,1.1,Fiat,Punto,Benzin
https://olx.ba/artikal/62291112,1.450 KM,Manuelni,2002,79,276.604km,1.6,Renault,Megane,Benzin
https://olx.ba/artikal/61614133,1.700 KM,Manuelni,2002,88,270.000km,1.9,Renault,Drugi,Dizel
https://olx.ba/artikal/62111894,2.000 KM,Manuelni,2001,43,185km,1.0,Opel,Corsa,Benzin
https://olx.ba/artikal/62286604,1.250 KM,Manuelni,1998,74,123.456km,1.6,Seat,Cordoba,Plin
https://olx.ba/artikal/62284639,1.199 KM,Manuelni,1987,66,140.000km,1.8,Audi,80,Benzin
https://olx.ba/artikal/62171201,1.200 KM,Manuelni,2005,85,300.000km,1.8,Nissan,Primera,Benzin
https://olx.ba/artikal/61770647,1.200 KM,Manuelni,1999,44,300.000km,1.2,Fiat,Punto,Benzin
https://olx.ba/artikal/61892610,1.650 KM,Manuelni,1997,40,242.900km,1.3,Volkswagen,Polo,Benzin
https://olx.ba/artikal/62283836,1.200 KM,Manuelni,2000,44,199.010km,1.4,Seat,Ibiza,Benzin
https://olx.ba/artikal/62170200,1.999 KM,Manuelni,1999,79,190.000km,1.6,Renault,Megane,Benzin
https://olx.ba/artikal/62167126,1.450 KM,Manuelni,2000,81,213.000km,1.8,Peugeot,406,Benzin
https://olx.ba/artikal/62178439,1.500 KM,Manuelni,2002,85,380.999km,1.9,Alfa Romeo,Alfa 156,Dizel
https://olx.ba/artikal/62279889,1.400 KM,Manuelni,2000,110,358.000km,2.5,Audi,A6,Dizel
https://olx.ba/artikal/61843935,1.100 KM,Manuelni,2000,55,147.000km,1.6,Škoda,Felicia,Benzin
https://olx.ba/artikal/62271657,1.850 KM,Manuelni,2000,44,88.800km,1.2,Fiat,Punto,Benzin
https://olx.ba/artikal/60399552,1.700 KM,Manuelni,1986,40,1km,1.3,Volkswagen,Golf,Benzin
https://olx.ba/artikal/62278365,1.600 KM,Manuelni,2003,44,116.500km,1.3,Ford,Ka / Ka+,Benzin
https://olx.ba/artikal/60219879,1.250 KM,Manuelni,1988,44,124.000km,1.1,Renault,R 5,Benzin
https://olx.ba/artikal/62277300,1.100 KM,Manuelni,1997,47,300.000km,1.8,Ford,Courier,Dizel
https://olx.ba/artikal/60627642,1.500 KM,Manuelni,2004,50,290.486km,1.4,Peugeot,206,Dizel
https://olx.ba/artikal/62270506,2.000 KM,Manuelni,2004,66,338.512km,2.0,Citroen,Xsara Picasso,Dizel
https://olx.ba/artikal/62105860,1.700 KM,Manuelni,2001,2,200.000km,1.8,Opel,Astra,Benzin
https://olx.ba/artikal/62259609,1.500 KM,Manuelni,1995,37,300.000km,1.5,Opel,Corsa,Dizel
https://olx.ba/artikal/59993588,1.390 KM,Manuelni,2001,59,276.580km,2.0,Fiat,Ulysse,Dizel
https://olx.ba/artikal/61482312,1.950 KM,Manuelni,2002,103,243.048km,2.4,Lancia,Lybra,Dizel
https://olx.ba/artikal/61866891,1.500 KM,Manuelni,2005,55,4.000.000km,1.4,Dacia,Logan,Plin
https://olx.ba/artikal/62168096,1.450 KM,Manuelni,1991,40,200.000km,1.6,Volkswagen,Golf,Dizel
https://olx.ba/artikal/60036513,1.500 KM,Manuelni,1999,50,98.000km,1.3,Ford,Fiesta,Benzin
https://olx.ba/artikal/61821768,2.000 KM,Manuelni,1997,47,88.888km,1.9,Volkswagen,Golf,Dizel
https://olx.ba/artikal/61561793,1.300 KM,Manuelni,1987,55,400.000km,1.6,Volkswagen,Golf,Dizel
https://olx.ba/artikal/61658912,1.400 KM,Manuelni,2001,43,338.000km,1.0,Opel,Corsa,Benzin
https://olx.ba/artikal/61994893,1.300 KM,Manuelni,2002,55,0km,1.4,Hyundai,Accent,Plin
https://olx.ba/artikal/62217327,1.050 KM,Manuelni,2001,55,260.000km,1.4,Seat,Cordoba,Benzin
https://olx.ba/artikal/61668409,1.950 KM,Manuelni,2001,66,22.222km,2.0,Peugeot,306,Dizel
https://olx.ba/artikal/62293833,2.000 KM,Manuelni,2000,44,0km,1.2,Fiat,Punto,Benzin
https://olx.ba/artikal/58471625,1.500 KM,Manuelni,2003,48,23.000km,1.5,Renault,Clio,Dizel
https://olx.ba/artikal/62293154,1.800 KM,Manuelni,1999,72,209.000km,1.4,Renault,Clio,Benzin
https://olx.ba/artikal/61350219,2.000 KM,Manuelni,2000,44,230.000km,1.2,Renault,Twingo,Benzin
https://olx.ba/artikal/61307813,1.200 KM,Manuelni,1999,48,268.523km,1.5,Opel,Corsa,Dizel
https://olx.ba/artikal/62282863,1.200 KM,Manuelni,2001,44,0km,1.2,Fiat,Punto,Benzin
https://olx.ba/artikal/62292410,1.800 KM,Manuelni,2000,74,214.121km,2.0,Opel,Astra,Dizel
https://olx.ba/artikal/62291576,1.200 KM,Manuelni,2000,85,0km,1.9,Volkswagen,Passat,Dizel
https://olx.ba/artikal/62235966,1.800 KM,Manuelni,1995,47,350.000km,1.9,Volkswagen,Golf,Dizel
https://olx.ba/artikal/62211219,1.999 KM,Manuelni,2004,79,284.000km,2.0,Peugeot,307,Dizel
https://olx.ba/artikal/62144625,1.500 KM,Manuelni,1995,66,320.000km,1.9,Volkswagen,Vento,Dizel
https://olx.ba/artikal/62144318,1.500 KM,Manuelni,2021,2,3.000.000km,2.0,Citroen,Xsara,Dizel
https://olx.ba/artikal/62290709,1.400 KM,Manuelni,1984,40,500.000km,1.6,Volkswagen,Passat,Dizel
https://olx.ba/artikal/62290502,2.000 KM,Automatik,2000,48,200.000km,1.2,Opel,Corsa,Benzin
https://olx.ba/artikal/62290418,1.850 KM,Manuelni,1991,55,300.000km,1.6,Audi,80,Benzin
https://olx.ba/artikal/62289805,1.400 KM,Manuelni,1999,50,210.000km,1.4,Nissan,Almera,Benzin
https://olx.ba/artikal/62289794,1.650 KM,Manuelni,2003,48,258.000km,1.5,Renault,Clio,Dizel
https://olx.ba/artikal/62143189,1.550 KM,Manuelni,2005,65,290.000km,1.6,Lada,112,Plin
https://olx.ba/artikal/61653881,1.200 KM,Manuelni,2003,85,285.000km,1.9,Volvo,V40,Dizel
https://olx.ba/artikal/61748219,1.999 KM,Manuelni,2001,55,200.000km,1.2,Opel,Astra,Benzin
https://olx.ba/artikal/62288068,1.500 KM,Manuelni,1989,44,2.222.222km,1.6,Volkswagen,Golf,Dizel
https://olx.ba/artikal/62139775,1.300 KM,Manuelni,2001,85,384.985km,1.9,Alfa Romeo,Alfa 147,Dizel
https://olx.ba/artikal/62286736,1.950 KM,Manuelni,2001,81,35.426km,1.9,Seat,Ibiza,Dizel
https://olx.ba/artikal/62286565,1.650 KM,Manuelni,1995,35,176.088km,1.4,Volkswagen,Polo,Dizel
https://olx.ba/artikal/62286549,1.150 KM,Manuelni,1986,40,355.254km,1.6,Volkswagen,Jetta,Dizel
https://olx.ba/artikal/62285173,1.500 KM,Manuelni,2001,85,212.121km,1.8,Opel,Astra,Benzin
https://olx.ba/artikal/62284149,1.900 KM,Manuelni,2002,46,333.333km,1.9,Volkswagen,Caddy,Dizel
https://olx.ba/artikal/62135744,1.500 KM,Manuelni,2004,85,280.000km,1.9,Alfa Romeo,Alfa 147,Dizel
https://olx.ba/artikal/62283960,1.950 KM,Manuelni,2002,55,300.000km,1.8,Ford,Focus,Dizel
https://olx.ba/artikal/62283630,1.600 KM,Manuelni,1997,33,148.000km,1.2,Opel,Corsa,Benzin
https://olx.ba/artikal/62283267,1.650 KM,Manuelni,1998,44,136.800km,1.4,Opel,Corsa,Benzin
https://olx.ba/artikal/62283290,1.150 KM,Manuelni,2000,74,300.000km,1.4,Renault,Clio,Benzin
https://olx.ba/artikal/62283193,1.650 KM,Manuelni,2006,80,388.000km,1.6,Citroen,C4,Benzin
https://olx.ba/artikal/62282685,1.700 KM,Manuelni,2001,44,217.000km,1.1,Peugeot,206,Benzin
https://olx.ba/artikal/62134195,2.000 KM,Manuelni,2003,85,30.000km,1.8,BMW,316,Benzin
https://olx.ba/artikal/62200726,1.700 KM,Manuelni,2002,50,294.600km,1.9,Seat,Ibiza,Dizel
https://olx.ba/artikal/61657469,1.500 KM,Manuelni,1999,45,260.000km,1.2,Renault,Twingo,Benzin
https://olx.ba/artikal/62279036,1.850 KM,Manuelni,2003,81,0km,1.9,Renault,Scenic,Dizel
https://olx.ba/artikal/62280217,1.250 KM,Manuelni,1995,47,260.358km,1.9,Volkswagen,Golf,Dizel
https://olx.ba/artikal/62129990,1.850 KM,Manuelni,2001,55,222.000km,1.6,Peugeot,206,Benzin
https://olx.ba/artikal/62279632,1.150 KM,Manuelni,1999,37,230.200km,1.0,Peugeot,106,Benzin
https://olx.ba/artikal/62279653,1.900 KM,Manuelni,2005,100,300.000km,2.0,Peugeot,407,Dizel
https://olx.ba/artikal/62279574,1.600 KM,Manuelni,2001,85,350.000km,2.0,Ford,Mondeo,Dizel
https://olx.ba/artikal/62278682,1.500 KM,Manuelni,2002,66,268.000km,1.8,Ford,Focus,Dizel
https://olx.ba/artikal/62278417,1.150 KM,Manuelni,1990,55,350.000km,1.6,Volkswagen,Jetta,Benzin
https://olx.ba/artikal/62142038,1.700 KM,Manuelni,1999,65,220.000km,1.6,Peugeot,306,Benzin
https://olx.ba/artikal/62126985,1.500 KM,Manuelni,2000,77,300.000km,1.9,Fiat,Bravo,Dizel
https://olx.ba/artikal/60512759,1.700 KM,Manuelni,2003,85,11.111km,1.8,Audi,A6,Benzin
https://olx.ba/artikal/62276184,1.100 KM,Manuelni,2000,66,32.569.856km,1.4,Seat,Ibiza,Benzin
https://olx.ba/artikal/62217434,1.199 KM,Manuelni,1990,66,321.213km,1.6,Honda,Civic,Benzin
https://olx.ba/artikal/62270380,1.500 KM,Manuelni,1999,79,470.000km,1.6,Renault,Scenic,Benzin
https://olx.ba/artikal/62270265,1.500 KM,Manuelni,1977,5,10.000km,0.6,Mercedes-Benz,200,Dizel
https://olx.ba/artikal/60432847,1.500 KM,Manuelni,1992,66,325.000km,1.9,Audi,80,Dizel
https://olx.ba/artikal/62268244,1.600 KM,Manuelni,2004,74,300.000km,1.8,Ford,Focus,Dizel
https://olx.ba/artikal/56375182,1.700 KM,Manuelni,2003,98,370.000km,2.2,Peugeot,406,Dizel
https://olx.ba/artikal/60680385,1.200 KM,Manuelni,2003,74,290.000km,2.0,Opel,Astra,Dizel
https://olx.ba/artikal/62106138,1.250 KM,Manuelni,1996,44,220.000km,1.4,Volkswagen,Golf,Plin
https://olx.ba/artikal/62265275,1.300 KM,Manuelni,1999,44,350.422km,1.2,Fiat,Punto,Benzin
https://olx.ba/artikal/55390296,1.900 KM,Manuelni,2002,80,220.000km,1.6,Renault,Clio,Benzin
https://olx.ba/artikal/62104392,2.000 KM,Manuelni,1988,55,300.000km,1.8,Audi,80,Benzin
https://olx.ba/artikal/62263507,1.950 KM,Manuelni,2004,85,330.000km,1.9,Fiat,Stilo,Dizel
https://olx.ba/artikal/62263023,1.300 KM,Manuelni,1991,40,11km,1.6,Audi,80,Dizel
https://olx.ba/artikal/62262948,2.000 KM,Manuelni,2001,66,240.000km,1.8,Ford,Focus,Dizel
https://olx.ba/artikal/62261850,1.350 KM,Manuelni,1997,52,352.115km,1.6,Opel,Astra,Plin
https://olx.ba/artikal/62258108,1.700 KM,Manuelni,1997,50,300.000km,1.3,Škoda,Felicia,Benzin
https://olx.ba/artikal/62257936,1.200 KM,Manuelni,1990,59,413.000km,1.6,Volkswagen,Golf,Dizel
https://olx.ba/artikal/62255363,1.100 KM,Manuelni,1993,66,187.649km,1.8,Volkswagen,Vento,Plin
https://olx.ba/artikal/62256569,1.100 KM,Manuelni,1998,40,220.000km,1.1,Fiat,Punto,Benzin
https://olx.ba/artikal/62200419,1.200 KM,Manuelni,2002,300,200km,1.9,Renault,Scenic,Dizel
https://olx.ba/artikal/62095248,1.800 KM,Manuelni,1998,11,11.500km,1.1,Fiat,Punto,Benzin
https://olx.ba/artikal/57340105,1.999 KM,Manuelni,2002,77,200.000km,1.6,Alfa Romeo,Alfa 147,Benzin
https://olx.ba/artikal/62094170,1.150 KM,Manuelni,1999,75,200.000km,1.4,Peugeot,106,Benzin
https://olx.ba/artikal/60497671,1.300 KM,Manuelni,1999,51,187.000km,1.7,Fiat,Punto,Dizel
https://olx.ba/artikal/62254005,1.800 KM,Manuelni,1999,60,357.456km,2.0,Opel,Astra,Dizel
https://olx.ba/artikal/62196168,1.700 KM,Manuelni,1999,40,260.000km,1.0,Opel,Corsa,Benzin
https://olx.ba/artikal/62250634,1.750 KM,Manuelni,1996,66,155.555km,1.7,Lada,Niva,Benzin
https://olx.ba/artikal/62249220,1.450 KM,Manuelni,1999,44,130.000km,1.3,Škoda,Felicia,Benzin
https://olx.ba/artikal/62249114,1.800 KM,Manuelni,2002,55,150.000km,1.4,Peugeot,206,Benzin
https://olx.ba/artikal/62248946,1.850 KM,Manuelni,2002,75,300.000km,1.9,Renault,Scenic,Dizel
https://olx.ba/artikal/52792531,1.150 KM,Manuelni,1999,60,192.000km,1.2,Fiat,Bravo,Plin
https://olx.ba/artikal/62078873,1.550 KM,Manuelni,1996,55,125.000km,1.9,Volkswagen,Golf,Dizel
https://olx.ba/artikal/62078377,1.600 KM,Manuelni,1997,30,157.000km,0.8,Daewoo,Tico,Benzin
https://olx.ba/artikal/62179729,1.800 KM,Manuelni,2002,44,260.000km,1.2,Renault,Clio,Benzin
https://olx.ba/artikal/61592892,2.000 KM,Manuelni,2005,66,300.000km,1.6,Peugeot,307,Dizel
https://olx.ba/artikal/62077615,1.600 KM,Manuelni,1989,40,11.111.111km,1.6,Volkswagen,Golf,Dizel
https://olx.ba/artikal/62236306,1.850 KM,Manuelni,2000,43,197.736km,1.2,Renault,Clio,Benzin
https://olx.ba/artikal/62070280,1.650 KM,Manuelni,1999,66,212.000km,1.8,Ford,Mondeo,Dizel
https://olx.ba/artikal/62075755,1.500 KM,Manuelni,1989,40,141.842km,1.1,Zastava,Zastava 101,Benzin
https://olx.ba/artikal/62234971,1.700 KM,Manuelni,2001,70,200.000km,1.7,Lada,Niva,Benzin
https://olx.ba/artikal/60430712,1.700 KM,Manuelni,1999,40,190.000km,1.0,Opel,Corsa,Benzin
https://olx.ba/artikal/60430566,1.650 KM,Manuelni,2001,44,230.000km,1.2,Fiat,Punto,Benzin
https://olx.ba/artikal/62233251,1.800 KM,Manuelni,2002,43,308.723km,1.6,Citroen,SAXO,Dizel
https://olx.ba/artikal/62232975,1.450 KM,Manuelni,2002,55,0km,1.4,Peugeot,206,Benzin
https://olx.ba/artikal/62232869,1.950 KM,Manuelni,2001,55,235.000km,1.4,Peugeot,206,Benzin
https://olx.ba/artikal/62232136,1.600 KM,Manuelni,1996,66,350.000km,1.7,Opel,Vectra,Dizel
https://olx.ba/artikal/62231778,1.190 KM,Manuelni,2003,55,222.222km,1.2,Opel,Corsa,Benzin
https://olx.ba/artikal/62231781,1.300 KM,Manuelni,1998,40,300.000km,1.0,Opel,Corsa,Benzin
https://olx.ba/artikal/62231529,2.000 KM,Manuelni,1998,55,240.000km,1.8,Volkswagen,Golf,Plin
https://olx.ba/artikal/62230548,1.640 KM,Manuelni,1995,39,300.000km,1.4,Volkswagen,Polo,Dizel
https://olx.ba/artikal/62229080,1.050 KM,Manuelni,1987,44,450.000km,1.6,Volkswagen,Golf,Dizel
https://olx.ba/artikal/62170072,1.750 KM,Manuelni,2000,40,170.000km,1.0,Opel,Corsa,Benzin
https://olx.ba/artikal/61625836,1.650 KM,Manuelni,2000,40,200.000km,1.0,Opel,Corsa,Benzin
https://olx.ba/artikal/62008555,1.800 KM,Manuelni,2001,44,200.000km,1.2,Fiat,Punto,Benzin
https://olx.ba/artikal/62133773,1.450 KM,Manuelni,1997,66,232.313km,1.6,Renault,Megane,Benzin
https://olx.ba/artikal/62229327,1.100 KM,Manuelni,1999,43,250.000km,1.1,Renault,Twingo,Benzin
https://olx.ba/artikal/62066962,1.450 KM,Manuelni,1994,55,320.000km,1.9,Volkswagen,Golf,Dizel
https://olx.ba/artikal/61369471,1.750 KM,Manuelni,1998,85,231.000km,1.8,Ford,Mondeo,Plin
https://olx.ba/artikal/62066852,1.900 KM,Manuelni,2001,70,30.000km,1.4,Renault,Megane,Benzin
https://olx.ba/artikal/62228851,1.450 KM,Manuelni,2001,81,460.000km,1.9,Fiat,Marea,Dizel
https://olx.ba/artikal/59989737,1.850 KM,Manuelni,1992,51,2km,1.6,Volkswagen,Passat,Dizel
https://olx.ba/artikal/62065977,1.700 KM,Manuelni,2003,42,255.000km,1.5,Citroen,SAXO,Dizel
https://olx.ba/artikal/61869260,1.900 KM,Automatik,2003,110,189.000km,2.0,Alfa Romeo,Alfa 147,Benzin
https://olx.ba/artikal/62226510,1.350 KM,Manuelni,1999,76,220.000km,1.6,Fiat,Bravo,Benzin
https://olx.ba/artikal/61892200,1.800 KM,Manuelni,2004,88,0km,1.9,Renault,Megane,Dizel
https://olx.ba/artikal/62063871,1.750 KM,Manuelni,1995,47,91.000km,1.9,Volkswagen,Golf,Dizel
https://olx.ba/artikal/62224989,1.700 KM,Manuelni,2000,0,280.000km,1.2,Fiat,Punto,Benzin
https://olx.ba/artikal/62224585,1.400 KM,Manuelni,1989,45,67.000km,1.1,Zastava,Yugo Koral,Benzin
https://olx.ba/artikal/54239729,1.800 KM,Manuelni,1999,74,270.000km,1.6,Opel,Vectra,Benzin
https://olx.ba/artikal/60318628,2.000 KM,Manuelni,2004,66,320.000km,1.8,Ford,Focus,Dizel
https://olx.ba/artikal/61689016,1.450 KM,Manuelni,2003,66,309.132km,2.0,Citroen,Xsara Picasso,Dizel
https://olx.ba/artikal/62219214,1.850 KM,Manuelni,2001,50,280.000km,1.4,Seat,Ibiza,Plin
https://olx.ba/artikal/61690705,1.350 KM,Manuelni,2001,90,212.486km,1.9,Mercedes-Benz,A 190,Benzin
https://olx.ba/artikal/62215485,2.000 KM,Manuelni,2000,130,290.000km,1.8,Mercedes-Benz,C 180,Benzin
https://olx.ba/artikal/53367932,1.300 KM,Manuelni,1980,40,300.000km,1.6,Volkswagen,Golf,Dizel
https://olx.ba/artikal/62112862,2.000 KM,Manuelni,2002,55,24.000km,1.7,Mercedes-Benz,A 180,Dizel
https://olx.ba/artikal/62050077,2.000 KM,Manuelni,2004,66,211.000km,1.6,Kia,Rio,Benzin
https://olx.ba/artikal/62213601,2.000 KM,Manuelni,2003,222,222km,1.6,Mercedes-Benz,A 170,Dizel
https://olx.ba/artikal/61161075,1.900 KM,Manuelni,1996,39,48.096km,1.0,Suzuki,Swift,Benzin
https://olx.ba/artikal/62212992,2.000 KM,Manuelni,1999,50,3.000.000km,1.9,Volkswagen,Golf,Dizel
https://olx.ba/artikal/62030943,1.900 KM,Manuelni,2003,63,285.123km,1.9,Fiat,Punto,Dizel
https://olx.ba/artikal/62212682,1.850 KM,Manuelni,1978,110,800.593km,1.8,Volkswagen,Golf,Benzin
https://olx.ba/artikal/62212473,1.999 KM,Manuelni,2002,96,296.000km,2.0,Ford,Mondeo,Dizel
https://olx.ba/artikal/62212165,1.900 KM,Manuelni,1989,55,245.232km,1.6,Volkswagen,Jetta,Plin
https://olx.ba/artikal/62212137,1.700 KM,Manuelni,1989,40,280.000km,1.6,Volkswagen,Golf,Dizel
https://olx.ba/artikal/62047366,1.200 KM,Manuelni,1985,44,290.000km,1.6,Volkswagen,Jetta,Benzin
https://olx.ba/artikal/62211122,1.650 KM,Manuelni,2000,59,300.000km,1.9,Fiat,Punto,Dizel
https://olx.ba/artikal/54429645,1.500 KM,Automatik,2001,75,190.226km,2.3,Renault,Megane,Dizel
https://olx.ba/artikal/62164575,1.650 KM,Manuelni,2000,50,230.000km,1.7,Opel,Astra,Dizel
https://olx.ba/artikal/62209884,1.100 KM,Manuelni,1996,74,313.009km,1.6,Audi,A4,Benzin
https://olx.ba/artikal/61384483,1.750 KM,Manuelni,1994,55,3.000km,1.9,Volkswagen,Golf,Dizel
https://olx.ba/artikal/62209504,1.500 KM,Manuelni,2000,40,190.000km,1.0,Hyundai,Atos,Benzin
https://olx.ba/artikal/62208708,1.550 KM,Manuelni,2002,37,276.000km,1.5,Citroen,SAXO,Dizel
https://olx.ba/artikal/61385278,1.800 KM,Manuelni,1997,80,280.000km,1.6,Volkswagen,Passat,Plin
https://olx.ba/artikal/62208477,2.000 KM,Manuelni,1998,81,330.000km,1.9,Audi,A4,Dizel
https://olx.ba/artikal/61531626,2.000 KM,Manuelni,2003,55,282.000km,1.7,Opel,Astra,Dizel
https://olx.ba/artikal/61531735,2.000 KM,Manuelni,2001,44,278.000km,1.4,Seat,Ibiza,Benzin
https://olx.ba/artikal/61993924,1.400 KM,Manuelni,1996,83,302.252km,2.0,Renault,Laguna,Benzin
https://olx.ba/artikal/61086264,2.000 KM,Manuelni,2001,70,250.000km,1.2,Mercedes-Benz,A 170,Benzin
https://olx.ba/artikal/62206783,1.600 KM,Manuelni,1999,66,2.222.222km,1.8,Ford,Mondeo,Dizel
https://olx.ba/artikal/62040331,2.000 KM,Manuelni,2021,51,350.000km,1.9,Peugeot,206,Dizel
https://olx.ba/artikal/59225373,1.300 KM,Manuelni,1993,55,280.000km,1.6,Opel,Astra,Benzin
https://olx.ba/artikal/62206471,1.950 KM,Manuelni,2005,94,326.000km,2.2,Lancia,Phedra,Dizel
https://olx.ba/artikal/62206280,1.500 KM,Manuelni,2005,55,160.000km,1.4,Opel,Corsa,Benzin
https://olx.ba/artikal/62205671,2.000 KM,Manuelni,2001,74,300.000km,2.0,Mazda,626,Dizel
https://olx.ba/artikal/62038462,1.800 KM,Manuelni,2005,55,245.000km,1.4,Seat,Cordoba,Benzin
https://olx.ba/artikal/62204527,1.500 KM,Manuelni,1993,47,173.000km,1.9,Volkswagen,Golf,Dizel
https://olx.ba/artikal/62136823,1.100 KM,Manuelni,1988,80,1.000.000km,1.8,Audi,80,Benzin
https://olx.ba/artikal/62201487,2.000 KM,Manuelni,2000,66,255.555km,2.0,Peugeot,206,Dizel
https://olx.ba/artikal/62200989,1.200 KM,Manuelni,2000,47,303km,1.3,Škoda,Felicia,Benzin
https://olx.ba/artikal/62200895,2.000 KM,Manuelni,1998,40,177.000km,1.2,Fiat,Punto,Benzin
https://olx.ba/artikal/62200466,1.700 KM,Manuelni,1997,66,280.000km,1.9,Seat,Cordoba,Dizel
https://olx.ba/artikal/62200709,1.900 KM,Manuelni,2008,46,13.000km,0.9,Chevrolet,Spark,Benzin
https://olx.ba/artikal/62034041,2.000 KM,Manuelni,2002,63,116.000km,1.4,Daewoo,Lanos,Benzin
https://olx.ba/artikal/62200636,1.650 KM,Manuelni,1995,55,175.000km,1.6,Opel,Astra,Benzin
https://olx.ba/artikal/62197985,1.950 KM,Manuelni,1997,47,276.450km,1.9,Volkswagen,Golf,Dizel
https://olx.ba/artikal/62197925,1.400 KM,Manuelni,2000,33,175.000km,1.2,Opel,Corsa,Plin
https://olx.ba/artikal/62030918,1.500 KM,Manuelni,2002,44,220.000km,1.3,Ford,Fiesta,Benzin
https://olx.ba/artikal/62196228,1.400 KM,Manuelni,1997,40,217.000km,1.2,Renault,Twingo,Benzin
https://olx.ba/artikal/62030600,2.000 KM,Manuelni,2002,54,130.000km,1.4,Daewoo,Lanos,Benzin
https://olx.ba/artikal/61537205,1.800 KM,Manuelni,1991,40,150.000km,1.4,Peugeot,106,Benzin
https://olx.ba/artikal/62194261,1.200 KM,Manuelni,2000,47,321.456km,1.9,Volkswagen,Polo,Dizel
https://olx.ba/artikal/62193419,1.111 KM,Automatik,1999,95,11.111.111km,2.9,Mercedes-Benz,E 290,Dizel
https://olx.ba/artikal/62192733,1.500 KM,Manuelni,2001,75,268.112km,1.9,Renault,Megane,Dizel
https://olx.ba/artikal/59226531,1.200 KM,Manuelni,1998,59,237.000km,1.4,Fiat,Bravo,Benzin
https://olx.ba/artikal/61643537,1.350 KM,Manuelni,2001,44,187.146km,1.2,Fiat,Punto,Benzin
https://olx.ba/artikal/55138663,1.500 KM,Manuelni,1997,74,387.000km,1.6,Opel,Vectra,Plin
https://olx.ba/artikal/62187763,2.000 KM,Manuelni,1994,55,103.312km,1.9,Volkswagen,Golf,Dizel
https://olx.ba/artikal/61567658,1.950 KM,Manuelni,2001,48,333.333km,1.7,Opel,Corsa,Dizel
https://olx.ba/artikal/62003543,1.100 KM,Manuelni,2003,43,300.000km,1.2,Renault,Twingo,Benzin
https://olx.ba/artikal/62178207,1.500 KM,Manuelni,1998,74,250.000km,1.6,Opel,Vectra,Benzin
https://olx.ba/artikal/61466313,1.350 KM,Manuelni,1986,55,300.000km,1.6,Volkswagen,Golf,Plin
https://olx.ba/artikal/62181071,1.900 KM,Manuelni,1997,110,358.885km,2.0,BMW,520,Plin
https://olx.ba/artikal/61540823,1.650 KM,Manuelni,1998,66,222.333km,1.9,Volvo,V40,Dizel
https://olx.ba/artikal/62180651,1.850 KM,Manuelni,1987,40,142.352km,1.6,Volkswagen,Golf,Dizel
https://olx.ba/artikal/62110088,1.250 KM,Manuelni,2001,40,29.000km,1.1,Fiat,Seicento,Benzin
https://olx.ba/artikal/62008503,1.950 KM,Manuelni,1998,81,410.000km,1.9,Volkswagen,Passat,Dizel
https://olx.ba/artikal/61973798,1.400 KM,Manuelni,2000,44,212.555km,1.2,Fiat,Punto,Benzin
https://olx.ba/artikal/62178201,1.450 KM,Manuelni,1998,50,383.000km,1.9,Citroen,Berlingo,Dizel
https://olx.ba/artikal/62006081,1.600 KM,Manuelni,2002,55,190.000km,1.1,Peugeot,206,Benzin
https://olx.ba/artikal/60903347,2.000 KM,Manuelni,2002,59,250.000km,1.9,Fiat,Punto,Dizel
https://olx.ba/artikal/62177293,1.100 KM,Manuelni,1989,59,400.000km,1.6,Audi,80,Dizel
https://olx.ba/artikal/62175969,1.250 KM,Manuelni,1987,40,400.000km,1.6,Volkswagen,Jetta,Dizel
https://olx.ba/artikal/62174947,2.000 KM,Manuelni,2001,66,35.000km,2.0,Peugeot,306,Dizel
https://olx.ba/artikal/62002151,2.000 KM,Manuelni,2000,43,365.150km,1.2,Renault,Clio,Benzin
https://olx.ba/artikal/62000846,1.700 KM,Manuelni,1989,44,200.000km,1.6,Volkswagen,Golf,Dizel
https://olx.ba/artikal/61475066,1.900 KM,Manuelni,2001,92,313.000km,1.8,Ford,Mondeo,Benzin
https://olx.ba/artikal/60902812,1.700 KM,Manuelni,2002,74,257.484km,1.6,Ford,Focus,Benzin
https://olx.ba/artikal/61996973,1.200 KM,Manuelni,2004,46,130.000km,1.1,Suzuki,Alto,Benzin
https://olx.ba/artikal/62032804,1.650 KM,Manuelni,1994,66,250.000km,1.9,Volkswagen,Golf,Dizel
https://olx.ba/artikal/62128005,1.200 KM,Manuelni,1982,55,200.000km,1.6,Volkswagen,Passat,Dizel
https://olx.ba/artikal/61995038,1.500 KM,Automatik,1983,100,300.000km,1.9,Mercedes-Benz,E 230,Benzin
https://olx.ba/artikal/40767403,2.000 KM,Manuelni,1993,40,300.000km,1.4,Opel,Astra,Plin
https://olx.ba/artikal/61631130,1.500 KM,Manuelni,2001,51,250.000km,1.9,Peugeot,206,Dizel
https://olx.ba/artikal/59597540,1.900 KM,Manuelni,2002,51,190.000km,1.9,Citroen,Xsara,Dizel
https://olx.ba/artikal/61592082,1.500 KM,Manuelni,1985,40,400.000km,1.6,Volkswagen,Golf,Dizel
https://olx.ba/artikal/62158683,1.850 KM,Manuelni,1991,40,254.452km,1.6,Volkswagen,Golf,Dizel
https://olx.ba/artikal/61984647,1.800 KM,Manuelni,2004,93,134.500km,2.0,Ford,Focus,Plin
https://olx.ba/artikal/62065820,1.200 KM,Manuelni,1999,66,170.000km,1.6,Renault,Megane,Benzin
https://olx.ba/artikal/61031059,1.350 KM,Manuelni,1986,51,300.000km,1.6,Volkswagen,Golf,Dizel
https://olx.ba/artikal/62149552,1.200 KM,Manuelni,2002,51,500.000km,1.9,Peugeot,Partner,Dizel
https://olx.ba/artikal/61975690,1.300 KM,Manuelni,2000,66,28.000km,2.0,Peugeot,306,Dizel
https://olx.ba/artikal/61188242,1.600 KM,Manuelni,1988,40,312.000km,1.3,Volkswagen,Golf,Benzin
https://olx.ba/artikal/62147225,1.499 KM,Manuelni,1990,33,104.000km,0.9,Zastava,Yugo Koral,Benzin
https://olx.ba/artikal/62146567,1.750 KM,Manuelni,1998,44,163.000km,1.7,Opel,Corsa,Dizel
https://olx.ba/artikal/62145807,1.999 KM,Manuelni,2002,66,280.000km,2.0,Citroen,C5,Dizel
https://olx.ba/artikal/61970914,1.700 KM,Manuelni,1995,66,0km,1.9,Volkswagen,Golf,Dizel
https://olx.ba/artikal/61934818,1.500 KM,Manuelni,1988,40,320.400km,1.6,Volkswagen,Golf,Dizel
https://olx.ba/artikal/62144159,2.000 KM,Manuelni,1989,66,200.000km,1.6,Volkswagen,Golf,Plin
https://olx.ba/artikal/62077153,1.300 KM,Manuelni,2003,85,230km,1.0,Ford,Ka / Ka+,Benzin
https://olx.ba/artikal/62099262,2.000 KM,Manuelni,2002,48,300.000km,1.9,Renault,Kangoo,Dizel
https://olx.ba/artikal/61518258,1.600 KM,Manuelni,2002,92,230.000km,2.2,Opel,Astra,Dizel
https://olx.ba/artikal/62143748,2.000 KM,Manuelni,1988,66,247.158km,1.8,Volkswagen,Passat,Benzin
https://olx.ba/artikal/62143682,1.999 KM,Manuelni,2000,44,250.000km,1.9,Fiat,Punto,Dizel
https://olx.ba/artikal/62139686,1.800 KM,Manuelni,2000,44,272.920km,1.2,Fiat,Punto,Benzin
https://olx.ba/artikal/61962873,1.750 KM,Manuelni,1994,35,180.000km,1.4,Volkswagen,Polo,Dizel
https://olx.ba/artikal/61961172,1.200 KM,Manuelni,2002,0,295.000km,1.2,Fiat,Punto,Benzin
https://olx.ba/artikal/59956293,2.000 KM,Manuelni,2002,71,320.000km,2.0,Opel,Astra,Dizel
https://olx.ba/artikal/61167153,1.200 KM,Manuelni,1994,66,250.000km,1.8,Volkswagen,Passat,Benzin
https://olx.ba/artikal/61821205,1.300 KM,Manuelni,1994,33,230.000km,1.0,Opel,Corsa,Benzin
https://olx.ba/artikal/61762028,1.599 KM,Manuelni,1993,55,357.963km,1.9,Volkswagen,Passat,Dizel
https://olx.ba/artikal/62132056,1.500 KM,Manuelni,1999,50,0km,1.7,Opel,Astra,Dizel
https://olx.ba/artikal/62131851,1.950 KM,Manuelni,2001,55,505.000km,1.7,Opel,Astra,Dizel
https://olx.ba/artikal/62130758,1.950 KM,Manuelni,2004,0,0km,1.2,Fiat,Punto,Benzin
https://olx.ba/artikal/62130229,1.950 KM,Manuelni,1995,66,304.389km,1.9,Volkswagen,Vento,Dizel
https://olx.ba/artikal/62127024,1.900 KM,Manuelni,2001,50,300.000km,1.9,Seat,Cordoba,Dizel
https://olx.ba/artikal/62126287,1.250 KM,Manuelni,2000,40,240.000km,1.2,Fiat,Punto,Benzin
https://olx.ba/artikal/61917250,1.400 KM,Manuelni,2000,110,358.000km,2.5,Audi,A6,Dizel
https://olx.ba/artikal/59984398,1.700 KM,Manuelni,1990,60,131.000km,1.6,Opel,Kadett,Benzin
https://olx.ba/artikal/62120516,1.900 KM,Manuelni,2004,89,0km,1.9,Renault,Scenic,Dizel
https://olx.ba/artikal/62115465,1.500 KM,Manuelni,2006,77,150.000km,1.6,Alfa Romeo,Alfa 147,Benzin
https://olx.ba/artikal/61974063,1.750 KM,Manuelni,2000,44,234.000km,1.3,Ford,Fiesta,Benzin
https://olx.ba/artikal/61591863,1.500 KM,Manuelni,2000,81,356.000km,1.9,Seat,Ibiza,Dizel
https://olx.ba/artikal/61008560,1.900 KM,Manuelni,2001,66,280.000km,1.9,Seat,Ibiza,Dizel
https://olx.ba/artikal/62110746,1.500 KM,Manuelni,1999,105,500km,2.2,Mercedes-Benz,CE 220,Dizel
https://olx.ba/artikal/51303673,2.000 KM,Automatik,1982,55,268.000km,1.6,Volkswagen,Passat,Plin
https://olx.ba/artikal/61933137,1.700 KM,Manuelni,1995,66,0km,1.9,Volkswagen,Golf,Dizel
https://olx.ba/artikal/61931616,2.000 KM,Manuelni,2009,150,150.000km,2.0,Subaru,Impreza,Dizel
https://olx.ba/artikal/61930502,2.000 KM,Manuelni,2001,85,128.652km,1.8,BMW,318,Benzin
https://olx.ba/artikal/62106314,1.850 KM,Manuelni,2000,44,212.000km,1.2,Fiat,Punto,Benzin
https://olx.ba/artikal/62105931,1.500 KM,Manuelni,1987,44,350.000km,1.6,Volkswagen,Passat,Dizel
https://olx.ba/artikal/61927964,2.000 KM,Manuelni,2003,66,311.000km,1.5,Renault,Clio,Dizel
https://olx.ba/artikal/60769899,1.300 KM,Manuelni,1987,40,0km,1.6,Volkswagen,Golf,Dizel
https://olx.ba/artikal/61513276,1.200 KM,Manuelni,2000,59,280.000km,1.6,Fiat,Punto,Benzin
https://olx.ba/artikal/61926341,1.500 KM,Manuelni,2002,59,400.000km,1.9,Fiat,Punto,Dizel
https://olx.ba/artikal/62101809,1.700 KM,Manuelni,2000,110,212.121km,1.8,Volkswagen,Passat,Plin
https://olx.ba/artikal/62101116,1.800 KM,Manuelni,2000,50,186.000km,1.2,Fiat,Punto,Benzin
https://olx.ba/artikal/61509164,1.600 KM,Manuelni,1997,77,250.000km,1.6,Opel,Astra,Benzin
https://olx.ba/artikal/60748544,1.250 KM,Manuelni,2001,44,10.000km,1.2,Fiat,Punto,Benzin
https://olx.ba/artikal/62100174,1.700 KM,Manuelni,2005,88,350.000km,1.9,Renault,Megane,Dizel
https://olx.ba/artikal/62098504,2.000 KM,Manuelni,2004,96,350.000km,1.9,Volkswagen,Sharan,Dizel
https://olx.ba/artikal/62098540,1.200 KM,Manuelni,2003,42,300.000km,1.5,Citroen,SAXO,Dizel
https://olx.ba/artikal/62097851,1.750 KM,Manuelni,1987,55,242.000km,1.6,Volkswagen,Golf,Benzin
https://olx.ba/artikal/62098176,1.200 KM,Manuelni,1989,33,120.000km,1.0,Zastava,Yugo Koral,Benzin
https://olx.ba/artikal/61919573,2.000 KM,Manuelni,2000,81,490.000km,1.9,Volkswagen,Passat,Dizel
https://olx.ba/artikal/62030731,1.350 KM,Manuelni,1990,40,123.456km,1.6,Volkswagen,Jetta,Dizel
https://olx.ba/artikal/62093997,1.499 KM,Manuelni,2001,40,200.000km,1.2,Renault,Clio,Benzin
https://olx.ba/artikal/44394475,1.650 KM,Manuelni,2001,77,230.000km,1.9,Alfa Romeo,Alfa 146,Dizel
https://olx.ba/artikal/60233048,2.000 KM,Manuelni,2004,74,290.000km,1.6,Opel,Vectra,Plin
https://olx.ba/artikal/61567759,1.700 KM,Manuelni,2000,55,262.310km,1.4,Renault,Clio,Benzin
https://olx.ba/artikal/62092286,1.500 KM,Manuelni,2001,43,170.000km,1.2,Renault,Clio,Benzin
https://olx.ba/artikal/62092264,1.650 KM,Manuelni,2003,88,246.000km,1.9,Renault,Megane,Dizel
https://olx.ba/artikal/62092060,2.000 KM,Manuelni,2007,50,210.000km,1.4,Ford,Fiesta,Dizel
https://olx.ba/artikal/62090834,1.300 KM,Manuelni,2000,55,180.000km,1.2,Opel,Agila,Benzin
https://olx.ba/artikal/61298362,1.700 KM,Manuelni,2001,44,207.000km,1.2,Fiat,Punto,Benzin
https://olx.ba/artikal/62087200,1.400 KM,Manuelni,2001,66,400.000km,1.8,Ford,Focus,Dizel
https://olx.ba/artikal/61676222,1.700 KM,Manuelni,2000,43,222.222km,1.3,Škoda,Felicia,Benzin
https://olx.ba/artikal/62087246,1.500 KM,Manuelni,2003,85,312.583km,1.9,Alfa Romeo,Alfa 156,Dizel
https://olx.ba/artikal/61819373,1.900 KM,Manuelni,2003,37,195.000km,1.0,Seat,Arosa,Benzin
https://olx.ba/artikal/61905665,1.700 KM,Manuelni,1987,66,101.125km,1.6,Volkswagen,Golf,Dizel
https://olx.ba/artikal/59083669,2.000 KM,Manuelni,2002,75,498.000km,1.9,Renault,Scenic,Dizel
https://olx.ba/artikal/62077622,1.700 KM,Manuelni,1984,40,48.242km,1.6,Volkswagen,Golf,Dizel
https://olx.ba/artikal/62077096,1.800 KM,Manuelni,1996,66,372.803km,1.9,Volkswagen,Vento,Dizel
https://olx.ba/artikal/61902752,1.800 KM,Manuelni,2002,44,300.000km,1.2,Fiat,Punto,Benzin
https://olx.ba/artikal/62076073,1.550 KM,Manuelni,1999,43,110.000km,1.2,Renault,Clio,Benzin
https://olx.ba/artikal/62074031,1.800 KM,Manuelni,1989,55,666.666.666km,1.6,Volkswagen,Passat,Dizel
https://olx.ba/artikal/61896989,1.350 KM,Manuelni,2002,44,170km,1.2,Fiat,Punto,Benzin
https://olx.ba/artikal/62072592,1.650 KM,Manuelni,1998,40,163.000km,1.1,Fiat,Punto,Benzin
https://olx.ba/artikal/62072915,2.000 KM,Manuelni,1998,92,246.000km,1.8,Volkswagen,Passat,Benzin
https://olx.ba/artikal/61930943,1.999 KM,Manuelni,2002,0,262.000km,1.7,Mercedes-Benz,A 170,Dizel
https://olx.ba/artikal/62072331,1.950 KM,Manuelni,2002,44,235.000km,1.2,Fiat,Punto,Benzin
https://olx.ba/artikal/59281249,1.500 KM,Manuelni,2003,85,350.000km,2.0,Ford,Mondeo,Dizel
https://olx.ba/artikal/59660773,1.600 KM,Manuelni,2001,77,240.000km,1.9,BMW,316,Benzin
https://olx.ba/artikal/62070837,2.000 KM,Manuelni,2001,44,266.550km,1.9,Fiat,Punto,Dizel
https://olx.ba/artikal/60866978,1.350 KM,Manuelni,2004,88,422.142km,1.9,Renault,Laguna,Dizel
https://olx.ba/artikal/62068439,1.500 KM,Manuelni,1998,45,200.000km,1.1,Fiat,Punto,Benzin
https://olx.ba/artikal/62067370,1.150 KM,Manuelni,1999,85,355.000km,1.8,Opel,Vectra,Plin
https://olx.ba/artikal/61050079,2.000 KM,Manuelni,2000,66,250.000km,1.9,Citroen,Xsara,Dizel
https://olx.ba/artikal/61879332,2.000 KM,Manuelni,1999,74,222.000km,1.9,Volkswagen,Passat,Dizel
https://olx.ba/artikal/61149462,1.550 KM,Manuelni,2001,55,0km,1.3,Ford,Fiesta,Benzin
https://olx.ba/artikal/61970893,1.650 KM,Manuelni,2000,99,345.000km,2.0,Peugeot,406,Plin
https://olx.ba/artikal/62048841,1.850 KM,Manuelni,1999,55,171.100km,1.4,Renault,Clio,Benzin
https://olx.ba/artikal/61865881,1.400 KM,Manuelni,2004,77,274.563km,1.6,Alfa Romeo,Alfa 147,Benzin
https://olx.ba/artikal/60846344,1.500 KM,Manuelni,1999,70,500.000km,2.2,Mercedes-Benz,E 220,Dizel
https://olx.ba/artikal/62045366,1.400 KM,Manuelni,1996,66,300.000km,1.9,Volkswagen,Golf,Dizel
https://olx.ba/artikal/62042220,1.400 KM,Manuelni,1989,44,990.000km,1.1,Zastava,Zastava 101,Benzin
https://olx.ba/artikal/61141072,1.199 KM,Manuelni,2001,55,200.000km,1.4,Peugeot,206,Benzin
https://olx.ba/artikal/60319041,1.500 KM,Manuelni,2001,74,29.000km,1.9,Renault,Megane,Dizel
https://olx.ba/artikal/60604802,1.300 KM,Manuelni,1994,85,316.000km,2.0,Opel,Vectra,Benzin
https://olx.ba/artikal/62035104,1.650 KM,Manuelni,1993,47,222.222km,1.9,Volkswagen,Golf,Dizel
https://olx.ba/artikal/61850798,1.200 KM,Automatik,2002,120,0km,2.5,Audi,A6,Dizel
https://olx.ba/artikal/61850518,1.500 KM,Manuelni,1987,40,250.000km,1.6,Volkswagen,Golf,Dizel
https://olx.ba/artikal/62032348,1.700 KM,Manuelni,2003,59,247.700km,1.6,Citroen,Xsara,Plin
https://olx.ba/artikal/62034043,1.300 KM,Manuelni,1989,52,2.222.222km,1.4,Ford,Fiesta,Benzin
https://olx.ba/artikal/61848396,1.200 KM,Manuelni,1999,44,270km,1.4,Seat,Ibiza,Benzin
https://olx.ba/artikal/62032795,1.600 KM,Manuelni,2001,108,356.458km,2.2,Opel,Astra,Benzin
https://olx.ba/artikal/61845221,1.400 KM,Manuelni,1989,44,333.333km,1.6,Volkswagen,Golf,Dizel
https://olx.ba/artikal/62030047,1.500 KM,Manuelni,2006,96,315.000km,1.9,Renault,Scenic,Dizel
https://olx.ba/artikal/61843957,1.350 KM,Manuelni,1998,60,212.000km,1.4,Renault,Clio,Benzin
https://olx.ba/artikal/62029144,2.000 KM,Manuelni,2002,74,310.000km,1.8,Ford,Focus,Dizel
https://olx.ba/artikal/61840412,1.600 KM,Manuelni,2000,70,400.000km,1.4,Renault,Megane,Benzin
https://olx.ba/artikal/61839216,1.200 KM,Manuelni,1997,66,56.726.825km,1.9,Volkswagen,Golf,Dizel
https://olx.ba/artikal/62024487,2.000 KM,Manuelni,1994,100,230.000km,2.0,Mercedes-Benz,C 200,Plin
https://olx.ba/artikal/61835816,2.000 KM,Manuelni,2001,59,300.000km,1.9,Fiat,Punto,Dizel
https://olx.ba/artikal/58965358,1.450 KM,Manuelni,1995,55,210.000km,1.6,Fiat,Tipo,Benzin
https://olx.ba/artikal/57082660,1.690 KM,Manuelni,1987,66,155.000km,1.8,Audi,80,Benzin
https://olx.ba/artikal/62010373,1.700 KM,Automatik,1999,91,350.000km,2.2,Mercedes-Benz,C 220,Dizel
https://olx.ba/artikal/61824590,1.900 KM,Manuelni,2002,55,300km,1.9,Peugeot,206,Dizel
https://olx.ba/artikal/61023931,1.250 KM,Manuelni,2002,43,217.563km,1.0,Opel,Corsa,Benzin
https://olx.ba/artikal/61823080,1.200 KM,Manuelni,2002,55,362.000km,1.9,Fiat,Punto,Dizel
https://olx.ba/artikal/61822894,1.250 KM,Manuelni,2003,90,299.900km,2.0,Citroen,XM,Dizel
https://olx.ba/artikal/62007333,1.250 KM,Manuelni,1996,74,320.000km,1.6,Opel,Vectra,Benzin
https://olx.ba/artikal/62006762,2.000 KM,Manuelni,2002,59,335.000km,1.5,Hyundai,Accent,Dizel
https://olx.ba/artikal/60662970,2.000 KM,Manuelni,2000,66,230.000km,1.4,Opel,Tigra,Benzin
https://olx.ba/artikal/61103309,1.350 KM,Manuelni,2003,74,246.000km,1.8,Peugeot,206,Dizel
https://olx.ba/artikal/60279682,1.650 KM,Manuelni,1985,40,300.000km,1.3,Volkswagen,Golf,Benzin
https://olx.ba/artikal/61820510,1.200 KM,Manuelni,1996,65,168.000km,1.6,Fiat,Punto,Benzin
https://olx.ba/artikal/62005719,1.200 KM,Manuelni,1998,55,1.821.111km,1.4,Renault,Megane,Benzin
https://olx.ba/artikal/62003403,1.750 KM,Manuelni,2002,74,270.000km,2.0,Opel,Astra,Dizel
https://olx.ba/artikal/62002749,1.300 KM,Automatik,2003,70,217.700km,1.7,Mercedes-Benz,A 170,Dizel
https://olx.ba/artikal/54629386,1.500 KM,Manuelni,2000,80,450.000km,2.0,Citroen,Xantia,Dizel
https://olx.ba/artikal/61817141,1.500 KM,Manuelni,2001,85,240.000km,1.9,Ford,Galaxy,Dizel
https://olx.ba/artikal/62002202,1.900 KM,Manuelni,2002,44,170.231km,1.2,Renault,Clio,Benzin
https://olx.ba/artikal/62001146,1.700 KM,Manuelni,1989,44,440.000km,1.6,Volkswagen,Golf,Dizel
https://olx.ba/artikal/61068140,1.750 KM,Manuelni,2004,88,255.555km,1.9,Renault,Scenic,Dizel
https://olx.ba/artikal/62000386,1.600 KM,Manuelni,1997,47,270km,1.6,Volkswagen,Polo,Dizel
https://olx.ba/artikal/62000163,2.000 KM,Manuelni,1995,47,270.000km,1.9,Volkswagen,Golf,Dizel
https://olx.ba/artikal/61436826,1.350 KM,Manuelni,1996,90,0km,1.8,Mercedes-Benz,C 180,Plin
https://olx.ba/artikal/61484439,2.000 KM,Manuelni,2000,43,230.352km,1.2,Renault,Clio,Benzin
https://olx.ba/artikal/61809670,1.450 KM,Manuelni,2003,81,230.000km,2.0,Peugeot,307,Dizel
https://olx.ba/artikal/61994856,1.499 KM,Manuelni,2003,60,244.444km,1.5,Renault,Scenic,Dizel
https://olx.ba/artikal/61329114,1.200 KM,Manuelni,2001,44,200.000km,1.2,Fiat,Punto,Benzin
https://olx.ba/artikal/59028125,1.900 KM,Manuelni,2002,85,300.000km,1.9,Fiat,Marea,Dizel
https://olx.ba/artikal/61991246,1.650 KM,Manuelni,2001,74,300.000km,1.6,Seat,Toledo,Benzin
https://olx.ba/artikal/61989808,1.700 KM,Manuelni,2002,0,0km,1.4,Peugeot,206,Benzin
https://olx.ba/artikal/61799970,1.500 KM,Manuelni,2001,37,327.531km,1.0,Volkswagen,Lupo,Benzin
https://olx.ba/artikal/57407867,1.550 KM,Manuelni,1996,44,150.000km,1.4,Opel,Corsa,Benzin
https://olx.ba/artikal/61988498,1.950 KM,Manuelni,2000,40,195.080km,1.0,Opel,Corsa,Benzin
https://olx.ba/artikal/61799380,1.550 KM,Manuelni,1995,51,300.000km,1.9,Peugeot,306,Dizel
https://olx.ba/artikal/60632947,1.600 KM,Manuelni,2003,59,300.000km,1.9,Renault,Scenic,Dizel
https://olx.ba/artikal/61954150,1.100 KM,Manuelni,1998,85,263.852km,1.8,Opel,Astra,Benzin
https://olx.ba/artikal/61976929,1.890 KM,Manuelni,2000,74,270.000km,1.6,Opel,Vectra,Benzin
https://olx.ba/artikal/61976876,1.499 KM,Automatik,2004,98,220.000km,2.2,Peugeot,607,Dizel
https://olx.ba/artikal/61975855,1.700 KM,Manuelni,1996,47,300.000km,1.9,Volkswagen,Polo,Dizel
https://olx.ba/artikal/61905448,1.950 KM,Manuelni,2001,70,212.000km,1.7,Mercedes-Benz,A 170,Dizel
https://olx.ba/artikal/61087182,1.800 KM,Manuelni,1989,44,111.000km,1.3,Opel,Kadett,Benzin
https://olx.ba/artikal/61782769,1.500 KM,Manuelni,2002,80,287.000km,1.6,Peugeot,206,Benzin
https://olx.ba/artikal/61973448,2.000 KM,Manuelni,2002,96,240.000km,1.8,Fiat,Punto,Benzin
https://olx.ba/artikal/61973305,1.500 KM,Manuelni,1995,66,200.000km,1.8,Volkswagen,Golf,Benzin
https://olx.ba/artikal/61478823,1.200 KM,Manuelni,1987,55,265.000km,1.3,Opel,Kadett,Benzin
https://olx.ba/artikal/61486625,1.450 KM,Manuelni,2003,80,250.000km,2.0,Citroen,C5,Dizel
https://olx.ba/artikal/61972536,1.600 KM,Manuelni,2001,66,330.000km,1.8,Ford,Focus,Dizel
https://olx.ba/artikal/49789463,1.550 KM,Manuelni,1988,66,260.000km,1.6,Ford,Sierra,Benzin
https://olx.ba/artikal/48324753,1.500 KM,Manuelni,1985,66,146.000km,1.8,Audi,80,Benzin
https://olx.ba/artikal/61970977,1.700 KM,Manuelni,2002,85,300.000km,1.9,Fiat,Stilo,Dizel
https://olx.ba/artikal/61255039,1.500 KM,Manuelni,2000,55,220.000km,1.4,Peugeot,106,Benzin
https://olx.ba/artikal/61970302,1.800 KM,Manuelni,1997,47,340.000km,1.9,Volkswagen,Golf,Dizel
https://olx.ba/artikal/61970613,1.300 KM,Manuelni,2002,85,1km,1.8,Ford,Focus,Dizel
https://olx.ba/artikal/61821000,1.450 KM,Manuelni,1994,37,64.860km,1.1,Ford,Fiesta,Benzin
https://olx.ba/artikal/61969631,1.800 KM,Manuelni,2000,55,290.000km,1.7,Opel,Astra,Dizel
https://olx.ba/artikal/61779316,1.500 KM,Manuelni,1991,55,300.000km,1.9,Volkswagen,Passat,Dizel
https://olx.ba/artikal/61969425,1.700 KM,Manuelni,1999,44,192.352km,1.2,Fiat,Punto,Benzin
https://olx.ba/artikal/61968742,1.750 KM,Manuelni,1997,57,291.000km,1.9,Renault,Drugi,Dizel
https://olx.ba/artikal/61967381,1.300 KM,Manuelni,1997,55,216km,1.6,Renault,Megane,Benzin
https://olx.ba/artikal/61963030,1.700 KM,Manuelni,2004,63,3km,1.3,Hyundai,Accent,Benzin
https://olx.ba/artikal/61424233,1.800 KM,Manuelni,2003,48,220.000km,1.5,Renault,Clio,Dizel
https://olx.ba/artikal/61965065,2.000 KM,Manuelni,2000,74,290.000km,1.6,Ford,Focus,Benzin
https://olx.ba/artikal/61964761,2.000 KM,Manuelni,2000,47,208.155km,1.9,Renault,Clio,Dizel
https://olx.ba/artikal/61962804,1.900 KM,Manuelni,2002,55,222.222km,1.7,Lada,Niva,Plin
https://olx.ba/artikal/61962805,1.900 KM,Manuelni,1998,47,97.000km,1.9,Volkswagen,Polo,Dizel
https://olx.ba/artikal/61772711,1.650 KM,Manuelni,1991,55,0km,1.9,Volkswagen,Passat,Dizel
https://olx.ba/artikal/61961055,1.700 KM,Manuelni,2004,63,200.000km,1.3,Hyundai,Accent,Benzin
https://olx.ba/artikal/61865335,1.300 KM,Manuelni,2001,47,185.566km,1.9,Renault,Clio,Dizel
https://olx.ba/artikal/61957137,1.200 KM,Manuelni,2001,44,0km,1.2,Fiat,Punto,Benzin
https://olx.ba/artikal/61954919,1.350 KM,Manuelni,1991,0,0km,1.6,Volkswagen,Jetta,Dizel
https://olx.ba/artikal/59609464,2.000 KM,Manuelni,2002,44,323.636km,1.7,Seat,Arosa,Dizel
https://olx.ba/artikal/61765646,1.900 KM,Manuelni,1991,44,0km,1.6,Volkswagen,Golf,Dizel
https://olx.ba/artikal/46016719,1.050 KM,Manuelni,1994,66,500.000km,1.8,Volkswagen,Golf,Plin
https://olx.ba/artikal/61763730,1.350 KM,Manuelni,1990,59,200.000km,1.6,Volkswagen,Golf,Dizel
https://olx.ba/artikal/61340892,1.800 KM,Manuelni,2004,65,200.000km,1.4,Peugeot,206,Benzin
https://olx.ba/artikal/61946361,1.400 KM,Manuelni,1996,66,200.000km,1.6,Ford,Escort,Benzin
https://olx.ba/artikal/61937796,2.000 KM,Manuelni,2000,43,99.999km,1.0,Opel,Corsa,Benzin
https://olx.ba/artikal/61937689,2.000 KM,Manuelni,1999,55,99.999km,1.9,Volkswagen,Golf,Dizel
https://olx.ba/artikal/60910445,1.700 KM,Manuelni,1995,1200,240.000km,1.2,Opel,Corsa,Benzin
https://olx.ba/artikal/60215923,2.000 KM,Manuelni,2002,44,260.128km,1.2,Fiat,Punto,Benzin
https://olx.ba/artikal/60586145,1.200 KM,Manuelni,2003,74,350.000km,1.8,Ford,Focus,Dizel
https://olx.ba/artikal/61750018,1.800 KM,Manuelni,2005,44,230.000km,1.2,Fiat,Punto,Benzin
https://olx.ba/artikal/59528775,1.500 KM,Manuelni,2005,41,41.341km,1.1,Zastava,Yugo Koral,Plin
https://olx.ba/artikal/61928541,1.200 KM,Manuelni,2002,59,200.000km,1.2,Fiat,Drugi,Benzin
https://olx.ba/artikal/61749459,2.000 KM,Manuelni,2003,63,250.000km,1.9,Fiat,Punto,Dizel
https://olx.ba/artikal/61747861,1.800 KM,Automatik,2004,105,190.000km,1.8,Mercedes-Benz,C 180,Benzin
https://olx.ba/artikal/61928082,1.700 KM,Manuelni,1999,40,280.000km,1.0,Opel,Corsa,Benzin
https://olx.ba/artikal/61926459,1.450 KM,Manuelni,1998,55,258.000km,1.3,Ford,Fiesta,Benzin
https://olx.ba/artikal/61921685,1.950 KM,Manuelni,2000,74,222.222km,2.0,Opel,Vectra,Dizel
https://olx.ba/artikal/61912584,1.450 KM,Manuelni,1988,51,358.409km,1.6,Volkswagen,Golf,Dizel
https://olx.ba/artikal/61911936,1.900 KM,Manuelni,1984,66,200km,1.6,Volkswagen,Golf,Dizel
https://olx.ba/artikal/61906849,1.111 KM,Manuelni,2006,103,290.000km,2.0,Volkswagen,Passat,Dizel
https://olx.ba/artikal/61721630,1.900 KM,Manuelni,2004,85,222.255km,1.9,Fiat,Stilo,Dizel
https://olx.ba/artikal/61905376,2.000 KM,Manuelni,2003,1900,0km,1.9,Alfa Romeo,Alfa 147,Dizel
https://olx.ba/artikal/60945510,1.750 KM,Manuelni,1999,47,115.099km,1.9,Volkswagen,Polo,Dizel
https://olx.ba/artikal/61904772,2.000 KM,Manuelni,2007,110,330km,2.2,Renault,Espace,Dizel
https://olx.ba/artikal/61903071,1.500 KM,Manuelni,2000,33,251.900km,1.0,Volkswagen,Lupo,Benzin
https://olx.ba/artikal/61652719,1.800 KM,Manuelni,1986,25,200.000km,0.7,Fiat,Panda,Benzin
https://olx.ba/artikal/61899087,1.550 KM,Manuelni,1989,40,400.000km,1.6,Volkswagen,Golf,Dizel
https://olx.ba/artikal/61898713,2.000 KM,Manuelni,2000,47,160.542km,1.9,Škoda,Drugi,Dizel
https://olx.ba/artikal/61898245,1.500 KM,Manuelni,1989,66,300.000km,1.8,Audi,80,Benzin
https://olx.ba/artikal/61897723,1.900 KM,Manuelni,2001,44,230.000km,1.1,Citroen,SAXO,Benzin
https://olx.ba/artikal/61897698,1.700 KM,Manuelni,2001,72,3.286.000km,1.9,Renault,Megane,Dizel
https://olx.ba/artikal/61711273,1.800 KM,Manuelni,2005,88,300.000km,1.9,Renault,Laguna,Dizel
https://olx.ba/artikal/61711037,2.000 KM,Manuelni,2001,1390,137.263km,1.4,Seat,Ibiza,Benzin
https://olx.ba/artikal/61710205,1.750 KM,Manuelni,1997,55,999.999km,1.4,Volkswagen,Golf,Benzin
https://olx.ba/artikal/61677652,1.750 KM,Automatik,2003,70,128km,2.0,Citroen,C5,Dizel
https://olx.ba/artikal/61708575,1.890 KM,Manuelni,1999,55,199.000km,1.4,Fiat,Brava,Benzin
https://olx.ba/artikal/59493600,1.300 KM,Manuelni,1986,1,0km,1.7,Mercedes-Benz,CE 220,Dizel
https://olx.ba/artikal/61884514,1.900 KM,Manuelni,1987,40,40.000km,1.6,Volkswagen,Golf,Dizel
https://olx.ba/artikal/61885953,1.500 KM,Automatik,2004,100,212.315km,2.2,Peugeot,607,Dizel
https://olx.ba/artikal/61129990,1.400 KM,Manuelni,2001,98,300.000km,2.2,Peugeot,607,Dizel
https://olx.ba/artikal/60666994,1.750 KM,Manuelni,2003,66,300.000km,2.0,Peugeot,307,Dizel
https://olx.ba/artikal/61702521,1.600 KM,Manuelni,1995,85,180.000km,2.0,Subaru,Legacy,Benzin
https://olx.ba/artikal/61883583,1.800 KM,Manuelni,2001,43,160.000km,1.2,Renault,Twingo,Benzin
https://olx.ba/artikal/61861786,1.700 KM,Manuelni,2001,85,320.000km,2.0,Ford,Mondeo,Dizel
https://olx.ba/artikal/61881587,1.500 KM,Manuelni,2002,48,240.000km,1.5,Renault,Clio,Dizel
https://olx.ba/artikal/61859841,1.650 KM,Manuelni,2004,55,111km,1.4,Peugeot,206,Dizel
https://olx.ba/artikal/61031095,2.000 KM,Manuelni,1997,47,266.339km,1.9,Volkswagen,Golf,Dizel
https://olx.ba/artikal/61866865,1.800 KM,Manuelni,2001,47,230.000km,1.9,Škoda,Felicia,Dizel
https://olx.ba/artikal/61117082,1.750 KM,Manuelni,1987,40,131.000km,1.6,Audi,80,Dizel
https://olx.ba/artikal/61865547,2.000 KM,Manuelni,2000,60,204.000km,1.4,Mercedes-Benz,A 140,Benzin
https://olx.ba/artikal/60542811,1.900 KM,Manuelni,2000,66,191.544km,1.4,Opel,Rocks-e,Benzin
https://olx.ba/artikal/61864285,1.900 KM,Manuelni,2002,55,217.000km,1.4,Peugeot,206,Benzin
https://olx.ba/artikal/61396711,1.500 KM,Manuelni,1987,40,111.111.111.111km,1.6,Volkswagen,Golf,Dizel
https://olx.ba/artikal/61586668,1.900 KM,Manuelni,1987,51,350.000km,1.6,Volkswagen,Golf,Dizel
https://olx.ba/artikal/61685714,1.600 KM,Manuelni,2005,1.5,0km,1.5,Renault,Scenic,Dizel
https://olx.ba/artikal/60904881,1.750 KM,Manuelni,1990,45,322.222km,1.2,Subaru,Justy,Benzin
https://olx.ba/artikal/61863510,1.800 KM,Manuelni,2001,55,250.000km,1.4,Peugeot,206,Benzin
https://olx.ba/artikal/61861898,1.050 KM,Manuelni,2000,10,22.222km,1.0,Seat,Arosa,Benzin
https://olx.ba/artikal/61859463,1.600 KM,Manuelni,1999,40,220.000km,1.0,Opel,Corsa,Benzin
https://olx.ba/artikal/58995051,1.400 KM,Manuelni,1987,40,250.000km,1.6,Volkswagen,Golf,Benzin
https://olx.ba/artikal/61388860,1.450 KM,Manuelni,2001,51,200.000km,1.9,Fiat,Punto,Dizel
https://olx.ba/artikal/61680842,2.000 KM,Manuelni,2001,85,3.500.000.000km,2.0,Ford,Mondeo,Dizel
https://olx.ba/artikal/61856311,2.000 KM,Manuelni,1997,57,352.144km,2.5,Hyundai,H 100,Dizel
https://olx.ba/artikal/61319862,1.200 KM,Manuelni,2004,60,250.000km,1.5,Renault,Megane,Dizel
https://olx.ba/artikal/61850211,1.800 KM,Manuelni,2002,59,240.000km,1.2,Fiat,Punto,Benzin
https://olx.ba/artikal/61846328,1.600 KM,Manuelni,1986,51,200.000km,1.6,Audi,80,Dizel
https://olx.ba/artikal/61674001,2.000 KM,Manuelni,1994,44,31.191km,1.4,Volkswagen,Golf,Benzin
https://olx.ba/artikal/60722898,2.000 KM,Manuelni,1987,55,5.874.000km,2.0,Mercedes-Benz,Drugi,Dizel
https://olx.ba/artikal/61843479,1.500 KM,Manuelni,2002,48,378.000km,1.5,Renault,Clio,Dizel
https://olx.ba/artikal/60838136,1.750 KM,Manuelni,2002,60,224.173km,1.4,Mercedes-Benz,A 140,Benzin
https://olx.ba/artikal/61670094,1.750 KM,Manuelni,1994,66,99.999km,1.9,Volkswagen,Golf,Dizel
https://olx.ba/artikal/60450846,1.850 KM,Manuelni,2004,47,380.000km,1.9,Škoda,Fabia,Dizel
https://olx.ba/artikal/61839141,1.650 KM,Manuelni,2000,40,185.000km,1.0,Opel,Corsa,Benzin
https://olx.ba/artikal/60960602,1.450 KM,Manuelni,2001,66,0km,2.0,Peugeot,206,Dizel
https://olx.ba/artikal/56128555,1.500 KM,Manuelni,1986,74,283.680km,1.8,Audi,80,Plin
https://olx.ba/artikal/59707421,1.300 KM,Manuelni,1987,40,350.000km,1.3,Volkswagen,Golf,Benzin
